step,coverage,test_greedy,test_beam,test_at10
500000,0.6455405792945225,0.3359173126614987,0.5684754521963824,0.5736434108527132
