step,coverage,test_greedy,test_beam,test_at10
500000,0.7023229136793806,0.330749354005168,0.5943152454780362,0.5658914728682171
1000000,0.9635790077430456,0.4082687338501292,0.6744186046511628,0.689922480620155
