step,coverage,test_greedy,test_beam,test_at10
500000,0.7023229136793806,0.330749354005168,0.5943152454780362,0.5658914728682171
