step,coverage,test_greedy,test_beam,test_at10
500000,0.668769716088328,0.3178294573643411,0.5813953488372093,0.5710594315245479
1000000,0.9810725552050473,0.45219638242894056,0.7467700258397932,0.7441860465116279
