step,coverage,test_greedy,test_beam,test_at10
500000,0.668769716088328,0.3178294573643411,0.5813953488372093,0.5710594315245479
