step,coverage,test_greedy,test_beam,test_at10
500000,0.4714654430742759,0.24289405684754523,0.40310077519379844,0.48578811369509045
1000000,0.9082305706911386,0.3488372093023256,0.5038759689922481,0.5788113695090439
