step,coverage,test_greedy,test_beam,test_at10
500000,0.42844852308574705,0.17054263565891473,0.2997416020671835,0.34366925064599485
