step,coverage,test_greedy,test_beam,test_at10
0,0.0,0.0,0.11538461538461539,0.15384615384615385
