step,coverage,test_greedy,test_beam,test_at10
500000,0.2919414969888156,0.17571059431524547,0.21705426356589147,0.28165374677002586
1000000,0.634356180097505,0.2351421188630491,0.39276485788113696,0.43410852713178294
