step,coverage,test_greedy,test_beam,test_at10
500000,0.41152853455692573,0.1731266149870801,0.2713178294573643,0.3333333333333333
1000000,0.8414109549756238,0.3178294573643411,0.4728682170542636,0.5658914728682171
1500000,0.9793518784055062,0.4108527131782946,0.5736434108527132,0.6356589147286822
