step,coverage,test_greedy,test_beam,test_at10
500000,0.41152853455692573,0.1731266149870801,0.2713178294573643,0.3333333333333333
