step,coverage,test_greedy,test_beam,test_at10
0,0.0,0.0,0.07692307692307693,0.15384615384615385
