agent,coverage_mean,coverage_std,final_test_greedy_mean,final_test_greedy_std,final_test_beam_mean,final_test_beam_std,final_test_at10_mean,final_test_at10_std
ppo,0.2928018353885862,0.05335023093425173,0.040482342807924204,0.011651808146829182,0.07321274763135228,0.023303616293658364,0.10680447889750215,0.003947093621839655
