agent,coverage_mean,coverage_std,final_test_greedy_mean,final_test_greedy_std,final_test_beam_mean,final_test_beam_std,final_test_at10_mean,final_test_at10_std
ppo-tree,0.9704617149412103,0.0016222696442478016,0.45478036175710596,0.018271493053915962,0.7583979328165374,0.03106153819165713,0.7661498708010336,0.020098642359307535
