step,coverage,test_greedy,test_beam,test_at10
500000,0.28305133352451967,0.1834625322997416,0.26356589147286824,0.28165374677002586
