step,coverage,test_greedy,test_beam,test_at10
500000,0.28305133352451967,0.1834625322997416,0.26356589147286824,0.28165374677002586
1000000,0.7023229136793806,0.2868217054263566,0.4082687338501292,0.4625322997416021
1500000,0.9242902208201893,0.35658914728682173,0.5478036175710594,0.6072351421188631
